model,mode,lie_only_flagged,deception_only_flagged,both_flagged,neither_flagged,mcnemar_statistic,p_value_one_sided,significant,lie_detection_rate,deception_detection_rate
llama-3.1-8b,with_user_question,17,8,64,8,8.0,0.05387607216835022,False,0.8350515463917526,0.7422680412371134
llama-3.1-8b,without_user_question,36,7,45,9,7.0,4.481519681576174e-06,True,0.8350515463917526,0.5360824742268041
mistral-7b-v03,with_user_question,9,26,54,8,9.0,0.9970059397164732,False,0.6494845360824743,0.8247422680412371
mistral-7b-v03,without_user_question,33,11,44,9,11.0,0.0006300169081328022,True,0.7938144329896907,0.5670103092783505
gemma-2-9b,with_user_question,26,10,52,9,10.0,0.005665492091793567,True,0.8041237113402062,0.6391752577319587
gemma-2-9b,without_user_question,42,7,39,9,7.0,1.8122891631833227e-07,True,0.8350515463917526,0.4742268041237113
